{"_id":{"$oid":"62f04dc5cb33b7ad0bf5b501"},"user":{"$oid":"62e6eb7da1d23810592e99dd"},"address":{"streetAddress":"","city":"","state":""},"cart":[{"product":{"$oid":"62ec39c276e6293abff2ee7d"},"quantity":4,"_id":{"$oid":"62f04dc5cb33b7ad0bf5b502"}},{"product":{"$oid":"62ec3025ef811ff328053d3a"},"quantity":1,"_id":{"$oid":"62f04dc5cb33b7ad0bf5b503"}},{"product":{"$oid":"62ec321aef811ff328053d3d"},"quantity":1,"_id":{"$oid":"62f04dc5cb33b7ad0bf5b504"}},{"product":{"$oid":"62ec35e8ef811ff328053d4c"},"quantity":2,"_id":{"$oid":"62f04dc5cb33b7ad0bf5b505"}}],"orderPlacedOn":{"$date":"2022-08-07T23:41:32.507Z"},"isDelivered":true,"__v":0}
{"_id":{"$oid":"62f0504442b5a763451e1615"},"user":{"$oid":"62e6eb7da1d23810592e99dd"},"address":{"streetAddress":"","city":"","state":""},"cart":[{"product":{"$oid":"62ec39c276e6293abff2ee7d"},"quantity":4,"_id":{"$oid":"62f0504442b5a763451e1616"}},{"product":{"$oid":"62ec3025ef811ff328053d3a"},"quantity":1,"_id":{"$oid":"62f0504442b5a763451e1617"}},{"product":{"$oid":"62ec321aef811ff328053d3d"},"quantity":1,"_id":{"$oid":"62f0504442b5a763451e1618"}},{"product":{"$oid":"62ec35e8ef811ff328053d4c"},"quantity":2,"_id":{"$oid":"62f0504442b5a763451e1619"}}],"orderPlacedOn":{"$date":"2022-08-07T23:43:44.817Z"},"isDelivered":true,"__v":0}
{"_id":{"$oid":"62f0506942b5a763451e1621"},"user":{"$oid":"62e6eb7da1d23810592e99dd"},"address":{"streetAddress":"","city":"","state":""},"cart":[{"product":{"$oid":"62ec39c276e6293abff2ee7d"},"quantity":4,"_id":{"$oid":"62f0506942b5a763451e1622"}},{"product":{"$oid":"62ec3025ef811ff328053d3a"},"quantity":1,"_id":{"$oid":"62f0506942b5a763451e1623"}},{"product":{"$oid":"62ec321aef811ff328053d3d"},"quantity":1,"_id":{"$oid":"62f0506942b5a763451e1624"}},{"product":{"$oid":"62ec35e8ef811ff328053d4c"},"quantity":2,"_id":{"$oid":"62f0506942b5a763451e1625"}}],"orderPlacedOn":{"$date":"2022-08-07T23:43:44.817Z"},"isDelivered":false,"__v":0}
{"_id":{"$oid":"62f050bd42b5a763451e162d"},"user":{"$oid":"62e6eb7da1d23810592e99dd"},"address":{"streetAddress":"","city":"","state":""},"cart":[{"product":{"$oid":"62ec39c276e6293abff2ee7d"},"quantity":4,"_id":{"$oid":"62f050bd42b5a763451e162e"}},{"product":{"$oid":"62ec3025ef811ff328053d3a"},"quantity":1,"_id":{"$oid":"62f050bd42b5a763451e162f"}},{"product":{"$oid":"62ec321aef811ff328053d3d"},"quantity":1,"_id":{"$oid":"62f050bd42b5a763451e1630"}},{"product":{"$oid":"62ec35e8ef811ff328053d4c"},"quantity":2,"_id":{"$oid":"62f050bd42b5a763451e1631"}}],"orderPlacedOn":{"$date":"2022-08-07T23:43:44.817Z"},"isDelivered":false,"__v":0}
{"_id":{"$oid":"62f1a957d02b9d08ca352477"},"user":{"$oid":"62e6eb7da1d23810592e99dd"},"address":{"streetAddress":"","city":"","state":""},"cart":[{"product":{"$oid":"62e72eaef97ac87461ec0831"},"quantity":1,"_id":{"$oid":"62f1a957d02b9d08ca352478"}}],"orderPlacedOn":{"$date":"2022-08-08T23:02:29.383Z"},"isDelivered":false,"__v":0}
{"_id":{"$oid":"62f5cd52a4c868208fa88095"},"user":{"$oid":"62e6eb7da1d23810592e99dd"},"address":{"streetAddress":"","city":"","state":""},"cart":[{"product":{"$oid":"62f5c7cda4c868208fa87f7e"},"quantity":2,"_id":{"$oid":"62f5cd52a4c868208fa88096"}}],"orderPlacedOn":{"$date":"2022-08-12T03:10:16.937Z"},"isDelivered":false,"__v":0}
{"_id":{"$oid":"62f5d6e6a4c868208fa881f7"},"user":{"$oid":"62f5d593a4c868208fa88181"},"address":{"streetAddress":"11111 Station","city":"Toronto","state":"Ontario"},"cart":[{"product":{"$oid":"62f5c62ca4c868208fa87f16"},"quantity":1,"_id":{"$oid":"62f5d6e6a4c868208fa881f8"}}],"orderPlacedOn":{"$date":"2022-08-12T03:10:16.937Z"},"isDelivered":false,"__v":0}
