{"_id":{"$oid":"62f5bb11f17761d3cb38e3cc"},"name":"2020 Apple MacBook Air Laptop: Apple M1 Chip-UPDATED","category":{"$oid":"62f5bb11f17761d3cb38e3ca"},"price":1199,"discountPrice":null,"description":"All-Day Battery Life : Go longer than ever with up to 18 hours of battery life.\r\nPowerful Performance : Take on everything from professional-quality editing to action-packed gaming with ease. The Apple M1 chip with an 8-core CPU delivers up to 3.5x faster performance than the previous generation while using way less power.\r\nSuperfast Memory : 8GB of unified memory makes your entire system speedy and responsive. That way it can support tasks like memory-hogging multitab browsing and opening a huge graphic file quickly and easily.\r\nStunning Display : With a 13.3â€ Retina display, images come alive with new levels of realism. Text is sharp and clear, and colors are more vibrant.\r\nWhy Mac : Easy to learn. Easy to set up. Astoundingly powerful. Intuitive. Packed with apps to use right out of the box. Mac is designed to let you work, play, and create like never before.\r\nSimply Compatible : All your existing apps work, including Adobe Creative Cloud, Microsoft 365, and Google Drive. Plus you can use your favorite iPhone and iPad apps directly on macOS. Altogether you'll have access to the biggest collection of apps ever for Mac. All available on the App Store.","image":"71jG+e7roXL._AC_SL1500_.jpg","isTopProduct":false,"createdOn":{"$date":"2022-08-12T02:10:14.554Z"},"__v":0}
{"_id":{"$oid":"62f5c55ca4c868208fa87ebc"},"name":"Acer Aspire 5, 15.6\" FHD IPS, AMD Ryzen R5-5500U, 8GB DDR4, 256G","category":{"$oid":"62f5bb11f17761d3cb38e3ca"},"price":604,"discountPrice":600,"description":"AMD Ryzen 5 5500U Hexa-Core Mobile Processor (Up to 4.0GHz) with AMD Radeon Graphics\r\n15.6\" Full HD Acer ComfyView Widescreen LED-backlit IPS Display\r\n8GB DDR4 Memory and 512GB NVMe SSD\r\nFingerprint Reader\r\n1 - USB 3.2 (Type-C) Gen 1 port (up to 5 Gbps), 2 - USB 3.2 Gen 1 Ports (one with Power-off Charging), 1 - USB 2.0 Port and 1 - HDMI 2.0 Port with HDCP support","image":"71SCvh0L3OL._AC_SX615_SY462_.jpg","isTopProduct":false,"createdOn":{"$date":"2022-08-12T03:10:16.923Z"},"__v":0}
{"_id":{"$oid":"62f5c62ca4c868208fa87f16"},"name":"ASUS VivoBook Flip 14 Thin and Light 2-in-1 Laptop","category":{"$oid":"62f5bb11f17761d3cb38e3ca"},"price":471,"discountPrice":null,"description":"Powerful & efficient Intel Celeron N4020 Processor 1.1 GHz (4M Cache, up to 2.8 GHz, 2 cores)\r\n·         14 inch glossy screen in a 13 inch frame with NanoEdge HD and a touchscreen display with up to 178° viewing angle optimized for entertainment.VGA Camera\r\n·         Windows 10 Home in S Mode + Microsoft 365 Personal 1-year included.* (*Activation required with 6-months of Windows activation date.)\r\n·         4GB DDR4 RAM + 128GB eMMC storage | Wi-Fi 5 (802.11ac) wireless connection with dual-band Bluetooth 4.2 | Comprehensive connections including USB 3.2 Gen 1 Type-C, Micro HDMI, Micro USB 2.0, 2 in 1 SD/MMC Card Reader, plus headphone out and audio-in combo jack","image":"711-tnp94sL._AC_SX615_SY462_.jpg","isTopProduct":false,"createdOn":{"$date":"2022-08-12T03:10:16.923Z"},"__v":0}
{"_id":{"$oid":"62f5c66ea4c868208fa87f2a"},"name":"TCL 55\" Class 4-Series 4K UHD HDR Smart Android TV - 55S434-CA","category":{"$oid":"62f5c66ea4c868208fa87f28"},"price":499,"discountPrice":null,"description":"Stunning 4K Ultra HD: 4K resolution delivers stunning detail and a remarkable visual experience.\r\nHigh Dynamic Range: HDR delivers bright and accurate colors for a lifelike viewing experience.\r\nGoogle Assistant Built-In: Search for movies and shows across thousands of available apps, get entertainment recommendations, access media playback controls, change the temperature, dim the lights, and so much more. Ask questions and see the answers on your TV, including Google Photos, your calendar, sports scores, and more. Even automate and control your smart devices. The Google Assistant is always on, ready to help, and makes life in your living room that much more relaxing.\r\nThousands of Streaming Channels: Stream 700,000+ movies and shows, live sports and news, or your favorite music from Google Play, YouTube and your favorite apps.\r\nChromecast Built-In: Easily cast movies, shows, and photos from your Android or iOS device to your TCL Android TV.","image":"71oJYPZqUoL._AC_SL1500_.jpg","isTopProduct":false,"createdOn":{"$date":"2022-08-12T03:10:16.923Z"},"__v":0}
{"_id":{"$oid":"62f5c6a1a4c868208fa87f45"},"name":"Samsung - 55\" AU8000 LED 4K Ultra HD HDR Smart TV","category":{"$oid":"62f5c66ea4c868208fa87f28"},"price":998,"discountPrice":698,"description":"A different level of UHD with advanced phosphor technology. Immerse yourself in the picture with one billion shades of colour. Dynamic Crystal Colour delivers lifelike variations so you can see every subtlety.\r\nMind blowing slim design that you've never seen before in this category, making your TV blends into the wall seamlessly.\r\nFeel every shade of colour as intended. Powerful 4K upscaling ensures you get up to 4K resolution for the content you love.","image":"61W8Stul3wL._AC_SL1500_.jpg","isTopProduct":false,"createdOn":{"$date":"2022-08-12T03:10:16.923Z"},"__v":0}
{"_id":{"$oid":"62f5c6dea4c868208fa87f65"},"name":"Sony X90J 55 inch BRAVIA XR Full Array LED 4K Ultra HD HDR","category":{"$oid":"62f5c66ea4c868208fa87f28"},"price":2243,"discountPrice":null,"description":"COGNITIVE PROCESSOR XR – Revolutionary TV processing technology that understands how humans see and hear to deliver intense contrast with deep blacks, high peak brightness, and natural colours.\r\nXR TRILUMINOS PRO - Rediscover everything you watch with billions of accurate colours and see impressive picture quality that is natural and beautiful to the human eye.\r\nFULL ARRAY LED & XR CONTRAST BOOSTER 5 – Precisely controlled backlighting brings out real-life depth and detail with deep blacks and high peak brightness.\r\nGOOGLE TV – See 400,000+ movies and TV episodes all in one place. Google TV brings your favourite content from across your apps and subscriptions and organizes them just for you. Watch content from Netflix, Amazon Prime Video, Disney+, Crave, the Apple TV app, and many more.","image":"91KZbi-CbzL._AC_SL1500_.jpg","isTopProduct":true,"createdOn":{"$date":"2022-08-12T03:10:16.923Z"},"__v":0}
{"_id":{"$oid":"62f5c7cda4c868208fa87f7e"},"name":"Unmasked: My Life Solving America's Cold Cases Hardcover","category":{"$oid":"62f5c7cda4c868208fa87f7c"},"price":34.98,"discountPrice":null,"description":"**THE INSTANT NEW YORK TIMES BESTSELLER**\r\n\r\n\"It’s a mark of the highest honor when I say it’s even more riveting than an episode of 'Dateline'.\"\r\n―The New York Times\r\n\r\nFrom Paul Holes, the detective who found the Golden State Killer, Unmasked is a memoir that \"grabs its reader in a stranglehold and proves more fascinating than fiction and darker than any noir narrative.\" (LA Magazine)","image":"1250622794.01._SCLZZZZZZZ_SX500_.jpg","isTopProduct":false,"createdOn":{"$date":"2022-08-12T03:10:16.923Z"},"__v":0}
{"_id":{"$oid":"62f5c800a4c868208fa87f99"},"name":"The Other Mother: A Novel Hardcover","category":{"$oid":"62f5c7cda4c868208fa87f7c"},"price":36,"discountPrice":null,"description":"An \"extraordinary\" page-turning generational saga about a young man's search for a parent he never knew, and a moving portrait of motherhood, race, and the truths we hide in the name of family (Alice Walker, Pulitzer Prize-winning author of The Color Purple)\r\n\r\nJenry Castillo is a musical prodigy, raised by a single mother in Miami. He arrives at Brown University on a scholarship—but also to learn more about his late father, Jasper Patterson, a famous ballet dancer who died tragically when Jenry was two. On his search, he meets his estranged grandfather, Winston Patterson, a legendary professor of African American history and a fixture at the Ivy League school, who explodes his world with one question: Why is Jenry so focused on Jasper, when it was Winston’s daughter, Juliet, who was romantically involved with Jenry’s mother? Juliet is the parent he should be looking for—his other mother.","image":"51cKXo4B3kL._SX331_BO1,204,203,200_.jpg","isTopProduct":false,"createdOn":{"$date":"2022-08-12T03:10:16.923Z"},"__v":0}
{"_id":{"$oid":"62f5c827a4c868208fa87fb4"},"name":"Reminders of Him: A Novel","category":{"$oid":"62f5c7cda4c868208fa87f7c"},"price":12.29,"discountPrice":null,"description":"A troubled young mother yearns for a shot at redemption in this heartbreaking yet hopeful story from #1 New York Times bestselling author Colleen Hoover.\r\n\r\nAfter serving five years in prison for a tragic mistake, Kenna Rowan returns to the town where it all went wrong, hoping to reunite with her four-year-old daughter. But the bridges Kenna burned are proving impossible to rebuild. Everyone in her daughter’s life is determined to shut Kenna out, no matter how hard she works to prove herself.\r\n\r\nThe only person who hasn’t closed the door on her completely is Ledger Ward, a local bar owner and one of the few remaining links to Kenna’s daughter. But if anyone were to discover how Ledger is slowly becoming an important part of Kenna’s life, both would risk losing the trust of everyone important to them.\r\n\r\nThe two form a connection despite the pressure surrounding them, but as their romance grows, so does the risk. Kenna must find a way to absolve the mistakes of her past in order to build a future out of hope and healing.","image":"1542025605.01._SCLZZZZZZZ_SX500_.jpg","isTopProduct":false,"createdOn":{"$date":"2022-08-12T03:10:16.923Z"},"__v":0}
{"_id":{"$oid":"62f5db50a4c868208fa88278"},"name":"Ugly Love: A Novel","category":{"$oid":"62f5c7cda4c868208fa87f7c"},"price":13.79,"discountPrice":12.5,"description":"From Colleen Hoover, the #1 New York Times bestselling author of It Ends with Us, aheart-wrenching love story that proves attraction at first sight can be messy.\r\n\r\nWhen Tate Collins meets airline pilot Miles Archer, she doesn't think it's love at first sight. They wouldn’t even go so far as to consider themselves friends. The only thing Tate and Miles have in common is an undeniable mutual attraction. Once their desires are out in the open, they realize they have the perfect set-up. He doesn’t want love, she doesn’t have time for love, so that just leaves the sex. Their arrangement could be surprisingly seamless, as long as Tate can stick to the only two rules Miles has for her.\r\n\r\nNever ask about the past.\r\nDon’t expect a future.","image":"download (1).jpg","isTopProduct":true,"createdOn":{"$date":"2022-08-12T03:10:16.923Z"},"__v":0}
